id,created_at,text
861608434667585538,2017-05-08 15:47:13,"Ask Sally Yates, under oath, if she knows how classified information got into the newspapers soon after she explained it to W.H. Counsel."
861426759862022144,2017-05-08 03:45:18,"Congratulations #MedalOfHonor recipient, Ty Michael Carter! #Hero https://t.co/3rk8ZHQtcc"
861426050873655296,2017-05-08 03:42:29,"RT @SecretaryAcosta: With the economy adding 211,000 jobs in April, the ""Healthcare"" &amp; ""Mining"" segments saw significant increases. Check i‚Ä¶"
861425563528986626,2017-05-08 03:40:33,"RT @Scavino45: .@POTUS @realDonaldTrump walks from #MarineOne to his @WhiteHouse residence this evening. #TeamTrumpBTS
üé•https://t.co/PcNw8h‚Ä¶"
861351744713961473,2017-05-07 22:47:13,RT @realDonaldTrump: Congratulations to Emmanuel Macron on his big win today as the next President of France. I look very much forward to w‚Ä¶
860619211441266689,2017-05-05 22:16:24,"Meet Lieutenant Jack Powers, an incredible American war hero who fought in the Battle of the Coral Sea‚û°Ô∏è‚Ä¶ https://t.co/nhwEJg73Kq"
860518428112592896,2017-05-05 15:35:55,Weekly Address - tune in! #MAGA ‚û°Ô∏è https://t.co/XR4jDGqsm0 https://t.co/7R3buX8L72
860509433067184128,2017-05-05 15:00:10,"RT @foxandfriends: ""Make no mistake, this is a repeal and a replace of Obamacare."" -President Trump https://t.co/JlpreX9eua"
860509311243563008,2017-05-05 14:59:41,RT @foxandfriends: WATCH: @SecPriceMD breaks down the main takeaways of #AHCA https://t.co/fXHtFw694N
860508085126926336,2017-05-05 14:54:49,"#AHCA will help ALL, incl those in IA who will lose coverage if Medica leaves! It's time to fix this broken system!
https://t.co/qHpqEo8WAR"
860383042694676480,2017-05-05 06:37:57,RT @FLOTUS: .@Potus and I celebrated 75th anniversary of Battle of the Coral Sea w/ Australia's Prime Minister Turnbull https://t.co/w0WyYf‚Ä¶
860280359010918401,2017-05-04 23:49:55,Watch live as I give remarks commemorating the 75th anniversary of the Battle of the Coral Sea:‚Ä¶ https://t.co/6NJ1uIB70H
860142895571095552,2017-05-04 14:43:41,"RT @WhiteHouse: On #NationalDayofPrayer, watch LIVE as @POTUS signs the Executive Order Promoting Free Speech &amp; Religious Liberty: https://‚Ä¶"
860142794660352000,2017-05-04 14:43:17,RT @WhiteHouse: Religious liberty is enshrined in the First Amendment of our Constitution as a founding principle of our nation. https://t.‚Ä¶
860142661952524288,2017-05-04 14:42:45,"RT @WhiteHouse: During the last 8 years, Americans have been under attack from the federal government for following the tenets of their fai‚Ä¶"
860142565160603648,2017-05-04 14:42:22,"RT @WhiteHouse: On #NationalDayofPrayer, @POTUS is signing the Executive Order on Promoting Free Speech and Religious Liberty. https://t.co‚Ä¶"
859963591226789889,2017-05-04 02:51:12,Thank you @Franklin_Graham. https://t.co/q8I0WUq33B
859963006620491776,2017-05-04 02:48:52,RT @VP: LISTEN as I take the stage at @SBAList's Campaign for Life Gala to reaffirm @POTUS Trump‚Äôs promise to fight for life https://t.co/a‚Ä¶
859786181537669120,2017-05-03 15:06:14,"Join me along w/ @VP Pence &amp; @BetsyDeVosED at a school choice event in the Roosevelt Room, here at the @WhiteHouse:‚Ä¶ https://t.co/lG8s5rcvHw"
859610784413999111,2017-05-03 03:29:16,RT @VP: Passing through the Rotunda and Statuary Hall and saying hello to visitors is always a fun part of my visit to the Capitol. #MeetTh‚Ä¶
859524444502536192,2017-05-02 21:46:11,"It's an honor to serve as your Commander-in-Chief! Congratulations on winning the Commander-in-Chief's Trophy,‚Ä¶ https://t.co/2Aa2NX8U8C"
859218201120579585,2017-05-02 01:29:17,RT @VP: Congratulations to the National Small Business Person of the Year ‚Äì Garrett and Melanie Marrero from Maui Brewing Company #SmallBus‚Ä¶
859217941639909376,2017-05-02 01:28:15,RT @SBALinda: It's #SmallBusinessWeek! Read the official proclamation from @POTUS here: https://t.co/48Ys4NQdSN
859149891951632384,2017-05-01 20:57:51,This month we celebrate the contributions of Asian Americans &amp; Pacific Islanders that enrich our Nation: https://t.co/z4kzN5b4sA
858381707057274880,2017-04-29 18:05:21,"RT @WhiteHouse: .@POTUS has dedicated his first #100Days to restoring prosperity, safety and security, and accountability: https://t.co/Uam‚Ä¶"
858039693857832960,2017-04-28 19:26:19,Weekly Address - tune in! #MAGA ‚û°Ô∏è https://t.co/zvXJWoXzgK https://t.co/oq43Kezh0Q
857993646376931328,2017-04-28 16:23:20,Watch live as I deliver remarks at the @NRA Leadership Forum: https://t.co/rTSv3ZP2D6 https://t.co/aeQmFVLJZq
857976947757940737,2017-04-28 15:16:59,"RT @NASA: During @POTUS‚Äô first 100 days, we‚Äôve been busy. From exploring the cosmos to science on @Space_Station, take a look https://t.co/‚Ä¶"
857769743188676608,2017-04-28 01:33:38,RT @FLOTUS: .@POTUS and I hosted President Macri &amp; First Lady of Argentina @WhiteHouse today to further the partnership between our countri‚Ä¶
857769569867509760,2017-04-28 01:32:56,"RT @DeptVetAffairs: VA removing red tape at state-owned Veteran nursing homes, while increasing access to services. Read more at https://t.‚Ä¶"
857693739208380417,2017-04-27 20:31:37,Watch LIVE from the @DeptVetAffairs as I sign an EO on improving accountability &amp; whistleblower protection:‚Ä¶ https://t.co/T3yaSmIOLP
857627330826706944,2017-04-27 16:07:44,RT @WhiteHouse: Today @POTUS &amp; @FLOTUS welcomed President Mauricio Macri and Mrs. Macri of Argentina to the White House. https://t.co/AjWxv‚Ä¶
857369550546927617,2017-04-26 23:03:24,"RT @WhiteHouse: Today at @Interior, @POTUS, with @VP and @SecretaryZinke, signed the EO to review the Antiquities Act: https://t.co/3bVwvD8‚Ä¶"
857369229246509056,2017-04-26 23:02:08,"HAPPY BIRTHDAY to our @FLOTUS, Melania! https://t.co/vyujTfhfI1 https://t.co/FdFRgAmzD9"
857368768267395074,2017-04-26 23:00:18,"RT @FLOTUS: Emotional moment @ National Teacher of the Year Award @WhiteHouse
Congratulations to all wonderful teachers! https://t.co/THm2l‚Ä¶"
856980580709412864,2017-04-25 21:17:47,"Together, we will make #manufacturing great again! https://t.co/b88RZBag0j"
856929264523935745,2017-04-25 17:53:52,"Remarks at the United States Holocaust Memorial Museum's National Days of Remembrance. 
Full remarks:‚Ä¶ https://t.co/IlFcY15eED"
856928838672162816,2017-04-25 17:52:10,"RT @Scavino45: ""We will confront Anti-Semitism. We will stamp out prejudice. We will condemn hatred. We will bear withness. And we will act‚Ä¶"
856863322494447617,2017-04-25 13:31:50,Congratulations to @SecretarySonny on being confirmed as the 31st @USDA Secretary! -DJT
856640595145756673,2017-04-24 22:46:48,Thank you @RepRodBlum! https://t.co/ovYAOMSvkr
856636700331843584,2017-04-24 22:31:19,Join @VP Pence as he makes remarks to our amazing service members at @JointBasePHH. https://t.co/Az2hfiG2Hh
856623033360011264,2017-04-24 21:37:01,"Today, I signed the Holocaust Remembrance Proclamation. 
#HolocaustRemembranceDay 
Read the proclamation here:‚Ä¶ https://t.co/MavODND89s"
856621319374475264,2017-04-24 21:30:12,"RT @AstroPeggy: Thank you, Mr. President, for the great opportunity to highlight the research we are doing up here aboard the @Space_Statio‚Ä¶"
856574078639099905,2017-04-24 18:22:29,Join me in congratulating @NASA's @AstroPeggy by using the hashtag #CongratsPeggy! Earlier today:‚Ä¶ https://t.co/9eXX49g96u
856553381019754496,2017-04-24 17:00:14,"RT @NASA: Today, @AstroPeggy broke the record for total time in space by a US astronaut. @POTUS Trump called to offer congrats https://t.co‚Ä¶"
856509550572298241,2017-04-24 14:06:04,RT @WhiteHouse: Tune in as @POTUS calls @NASA @AstroPeggy Whitson: https://t.co/xc6X53SB8Z #CongratsPeggy https://t.co/3E6JrPq3m5
856478221453414400,2017-04-24 12:01:35,"RT @Space_Station: At 10 a.m. ET today, @POTUS will congratulate @AstroPeggy on her new record! Watch live on @NASA TV: https://t.co/iXp0Bs‚Ä¶"
856299911968571392,2017-04-24 00:13:02,"Happy 109th Birthday, @USArmyReserve. Thank you for your service! -DJT https://t.co/yirZwO2j2x"
855899715375964160,2017-04-22 21:42:48,"Today on Earth Day, we celebrate our beautiful forests, lakes and land. We stand committed to preserving the natural beauty of our nation."
855820001089118208,2017-04-22 16:26:03,Getting ready to visit Walter Reed Medical Center with Melania. Looking forward to seeing our bravest and greatest Americans!
855819322698199041,2017-04-22 16:23:21,RT @StephGrisham45: The spring garden tour at @WhiteHouse is today! FUN FACT: the grounds are the oldest continually maintained landscape i‚Ä¶
855542647770853376,2017-04-21 22:03:57,Weekly Address - tune in! #MAGA ‚û°Ô∏è https://t.co/JkRniO6WOB https://t.co/L2sXQy3yHO
855517416176181257,2017-04-21 20:23:41,"RT @realDonaldTrump: WELCOME HOME, AYA!
#GodBlessTheUSAüá∫üá∏ https://t.co/CR4I8dvunc"
855502450933063681,2017-04-21 19:24:13,"RT @Scavino45: SIMPLY, AMAZING. @POTUS @realDonaldTrump w/ freed Egyptian American charity worker, Aya Hijazi, @IvankaTrump, Jared Kushner,‚Ä¶"
855271077559189504,2017-04-21 04:04:49,Thank you @usembassyjkt! https://t.co/jXISfY7oaS
855167898800848896,2017-04-20 21:14:49,"Trump‚Äôs ‚ÄúBuy American, Hire American‚Äù https://t.co/vmIhXPzCeS"
855165074994016257,2017-04-20 21:03:36,"We're going to use American steel, we're going to use American labor, we are going to come first in all deals. ‚û°Ô∏è¬†‚Ä¶ https://t.co/O6Qv0vlNxF"
855162122472390656,2017-04-20 20:51:52,#ICYMI- join Prime Minister Paolo Gentiloni and I from the East Room of the White House! https://t.co/7aSedpoY2n
854940297230516225,2017-04-20 06:10:25,Tune into @NASA TV for coverage of our #Airman headed to #Space! Launch coverage begins @ 2:15 a.m. EST. Watch here‚Ä¶ https://t.co/mu8GEbWgp8
854909787154329604,2017-04-20 04:09:11,RT @VP: Honored to visit with President @jokowi to share @POTUS Trump warm greetings &amp; reaffirm our strategic partnership with Indonesia. #‚Ä¶
854909758897352704,2017-04-20 04:09:04,"RT @VP: As 1st member of admin to visit SE Asia, @POTUS sent me here as sign of high value US places on strategic partnership w/ Indonesia‚Ä¶"
854909603020197888,2017-04-20 04:08:27,"It was my honor, thank you! https://t.co/s0msgZlsYK"
854832588959215617,2017-04-19 23:02:25,RT @Scavino45: .@POTUS @realDonaldTrump and Patriots @RobGronkowski prior to @WhiteHouse ceremony honoring the Super Bowl LI Champions. htt‚Ä¶
854818543396847617,2017-04-19 22:06:37,"Today I signed the Veterans (OUR HEROES) Choice Program Extension &amp; Improvement Act @ the @WhiteHouse. #S544 
Watch‚Ä¶ https://t.co/cb6f5wTiGB"
854660049674915840,2017-04-19 11:36:49,#BuyAmericanHireAmerican #MAGA https://t.co/lDSzxKewxN
854599468037140481,2017-04-19 07:36:05,RT @VP: Honored to receive the Mt. Fuji Dialogue Global Leadership Award today in Tokyo. #VPinASIA https://t.co/ULFGhrXeER
854599451436085248,2017-04-19 07:36:01,RT @VP: Our econ partnership w/Japan could still be even stronger &amp; that‚Äôs why @POTUS is taking critical steps to strengthen our bond in ye‚Ä¶
854599439205445635,2017-04-19 07:35:58,RT @VP: Japanese-owned biz employs 839K US workers. Japanese direct investment in US topped a stunning $411B- 2nd most of any nation. #VPin‚Ä¶
854599425066487808,2017-04-19 07:35:55,RT @VP: Privilege to speak with members of American Chamber of Commerce in Japan &amp; Japanese business leaders on @POTUS economic message. #V‚Ä¶
854589573493649408,2017-04-19 06:56:46,"RT @VP: Under @POTUS leadership, the US seeks stronger &amp; more balanced trade relationship w/Japan. Our goal is simple:trade that's both fre‚Ä¶"
854589568808628224,2017-04-19 06:56:45,"RT @VP: This Dialogue presents US &amp; Japan with opportunity to deepen our econ ties &amp; foster jobs, prosperity, and growth on both sides of P‚Ä¶"
854589499908739072,2017-04-19 06:56:28,RT @VP: Thanks to the men and women of USS Ronald Reagan. Meeting the crew of @Gipper_76 was one of the highlights of my visit to Japan. #V‚Ä¶
854567727746478080,2017-04-19 05:29:58,#MAGAüá∫üá∏ #VPinASIA https://t.co/bj4WFHI99O
854549625986060288,2017-04-19 04:18:02,"Despite major outside money, FAKE media support &amp; eleven Republican candidates, BIG ""R"" win with runoff in Georgia. Glad to be of help! -DJT"
854458989731602434,2017-04-18 22:17:52,"Earlier: Kenosha, Wisconsin- touring @Snapon_Tools w/ @GovWalker, @BetsyDeVosED, @stevenmnuchin1, @SenRonJohnson...‚Ä¶ https://t.co/EBPEKC8f42"
854402046367326210,2017-04-18 18:31:36,Watch live! #BuyAmericanHireAmerican üá∫üá∏ ‚û°Ô∏è https://t.co/H6heSYoTU2 https://t.co/R8v8AXmJ9Y
854378726301339648,2017-04-18 16:58:56,AG Sessions is doing a fantastic job: announced today new steps to dismantle violent gangs like MS-13. I promised to get tough and we are!
853955534403149824,2017-04-17 12:57:19,RT @WhiteHouse: LIVE coverage from the South Lawn at the #EasterEggRoll: https://t.co/Q6DgXsmV4T https://t.co/EeKzzto6LC
853656735382470656,2017-04-16 17:10:00,Happy Easter to everyone! https://t.co/A3lrwbHdtP
853002609300566017,2017-04-14 21:50:44,RT @FLOTUS: Looking forward to hosting the annual Easter Egg Roll at the @WhiteHouse on Monday! https://t.co/nz7vucugx9
852992995393769474,2017-04-14 21:12:32,Thank you &amp; congratulations! https://t.co/UD887WqFO9
852900033317842945,2017-04-14 15:03:08,Weekly Address - tune in! #MAGA ‚û°Ô∏è https://t.co/S5WADLhP6o https://t.co/Kjc4TxwxGV
852617713751121924,2017-04-13 20:21:18,"RT @CENTCOM: .@USFOR_A #US Forces targets ISIS-K stronghold, drops GBU-43 #MOAB bomb on #ISIS https://t.co/GYjyMLiqUS"
852577768109993985,2017-04-13 17:42:34,"RT @SecShulkin: VA creates new website with wait times, performance data for all health care facilities https://t.co/D9NJFw7vvg via @starsa‚Ä¶"
852251302054830080,2017-04-12 20:05:19,RT @WhiteHouse: Join LIVE as @POTUS holds a joint press conference with NATO Secretary General Stoltenberg ‚û°Ô∏è https://t.co/zsc6QbtD9F https‚Ä¶
851921580095676417,2017-04-11 22:15:07,Welcome home Shane! #USAüá∫üá∏ https://t.co/jWlg2Sbrow
851904895263408128,2017-04-11 21:08:49,"Gangs &amp; cartels that flood our country will no longer be able to profit from their lawlessness, turn cities into wa‚Ä¶ https://t.co/TDO0kgkcBi"
851903972428460034,2017-04-11 21:05:09,RT @TheJusticeDept: Attorney General Sessions Announces the Justice Department‚Äôs Renewed Commitment to Criminal Immigration Enforcement htt‚Ä¶
851798946074832896,2017-04-11 14:07:49,"North Korea is looking for trouble. If China decides to help, that would be great. If not, we will solve the problem without them!  U.S.A."
851581698362019841,2017-04-10 23:44:33,Happy Passover to all those celebrating! Chag Sameach! https://t.co/bHVw36z0GX
851572337698676736,2017-04-10 23:07:21,Congratulations to Justice Neil Gorsuch on his elevation to the United States Supreme Court. A great day for Americ‚Ä¶ https://t.co/3kMhiyFKGv
851453348129656832,2017-04-10 15:14:32,Swearing in of Judge Neil Gorsuch to the #SCOTUS.  https://t.co/fKKDNI13k2
851434527964749825,2017-04-10 13:59:45,RT @WhiteHouse: Watch LIVE as @POTUS attends the swearing-in of the Honorable Neil Gorsuch in the Rose Garden ‚û°Ô∏è https://t.co/aK4sdrU8Mp ht‚Ä¶
851241786609684481,2017-04-10 01:13:51,RT @USNavy: .@POTUS @realDonaldTrump @USNavyEurope A look at the other end of call: @POTUS @realDonaldTrump aboard #AirForceOne with Nation‚Ä¶
851241780058230784,2017-04-10 01:13:50,RT @USNavy: .@POTUS @RealDonaldTrump calls #USSPorter and #USSRoss commanding officers to thank them and crews - https://t.co/UGLxaRTdMh #S‚Ä¶
851094480698707968,2017-04-09 15:28:31,RT @realDonaldTrump: ...confidence that President Al Sisi will handle situation properly.
851094475392921600,2017-04-09 15:28:30,RT @realDonaldTrump: So sad to hear of the terrorist attack in Egypt. U.S. strongly condemns. I have great...
850839864148938752,2017-04-08 22:36:46,Judge Gorsuch will be sworn in at the Rose Garden of the White House on Monday at 11:00 A.M. He will be a great Justice. Very proud of him!
850400793874186245,2017-04-07 17:32:03,Weekly Address - tune in! #MAGA ‚û°Ô∏è https://t.co/h5WPg7Qvj3 https://t.co/v9XKovCthr
850391865010597888,2017-04-07 16:56:34,Congratulations to an exceptionally qualified and respected judge on his confirmation to the Supreme Court! #SCOTUS https://t.co/itTom467MT
850231905790197760,2017-04-07 06:20:57,RT @Scavino45: National Security Adviser H.R. McMaster answering questions form media re: tomahawk missiles fired into #Syria this evening.‚Ä¶
850231623689789441,2017-04-07 06:19:50,"RT @Scavino45: Happening now re: Syria: 'It's clear that @POTUS @realDonaldTrump made that statement to the world tonight.' 
Sec Rex Tiller‚Ä¶"
850231315584532481,2017-04-07 06:18:36,Tonight I ordered a targeted military strike...... https://t.co/3nUzrdiGzX
850144244107022336,2017-04-07 00:32:37,".@FLOTUS &amp; I are honored to welcome the President of the People's Republic of China, Xi Jinping, &amp; Madame Peng Liyu‚Ä¶ https://t.co/WsifpJeIK3"
850037444426825728,2017-04-06 17:28:14,"It was an honor to host our American heroes from the @WWP Solider Ride this morning at the @WhiteHouse w/ @FLOTUS,‚Ä¶ https://t.co/Vwlpmvj68s"
849817752596623360,2017-04-06 02:55:15,Thank you @KingAbdullahII. Melania and I were honored to host you and the Queen at the @WhiteHouse this afternoon! https://t.co/yA2ZDB7Vau
849814735432417280,2017-04-06 02:43:16,"JOBS, JOBS, JOBS!
https://t.co/blq753IwPR https://t.co/AXInsnXatf"
849675728539058176,2017-04-05 17:30:54,The historical ties and close friendship between our two countries date back three-quarters of a century..... https://t.co/e2gYFcDuck
849674472827310081,2017-04-05 17:25:55,Welcome to the @WhiteHouse @KingAbdullahII! https://t.co/N7Yke5QUtm
849661433050800128,2017-04-05 16:34:06,"RT @WhiteHouse: Today @POTUS &amp; @FLOTUS welcomed King Abdullah II &amp; Queen Rania of Jordan to the White House.

Watch the press conf: https:/‚Ä¶"
849367002162528256,2017-04-04 21:04:08,Great to talk jobs with #NABTU2017. Tremendous spirit &amp; optimism - we will deliver! https://t.co/S5izNOD4mn
849360913660612609,2017-04-04 20:39:56,"#BuyAmericanHireAmericanüá∫üá∏
#NABTU2017 https://t.co/sBJnKIRjyN"
849297455422337024,2017-04-04 16:27:47,Watch live as I deliver remarks at the 2017 NABTU National Legislative Conference: https://t.co/Tvu848FMWU https://t.co/8IjKdQC2is
849041464143343621,2017-04-03 23:30:34,It was an honor to welcome President Al Sisi of Egypt to the @WhiteHouse as we renew the historic partnership betwe‚Ä¶ https://t.co/mc7zVfg6Gz
849038503770021889,2017-04-03 23:18:48,"RT @Scavino45: #ICYMI: @POTUS @realDonaldTrump donated his Q1 pay of $78,333.32 to the @NatlParkService today. 
@PressSec Briefing: https:/‚Ä¶"
848948884940484613,2017-04-03 17:22:41,Looking forward to hosting our heroes from the Wounded Warrior Project (@WWP) Soldier Ride to the @WhiteHouse on Th‚Ä¶ https://t.co/rh6mwMlUg7
848915276636835841,2017-04-03 15:09:08,"RT @WhiteHouse: Today @POTUS welcomes the President of the Arab Republic of Egypt, Abdel Fattah el-Sisi, to the White House. https://t.co/d‚Ä¶"
848711457969754113,2017-04-03 01:39:14,"RT @realDonaldTrump: Melania and I are honored to light up the @WhiteHouse this evening, for 
#WorldAutismAwarenessDay. Join us &amp; #LIUB. ht‚Ä¶"
848233262334038016,2017-04-01 17:59:03,Congratulations to these amazing @USNavy Submarine Jr. Officers of the Year! https://t.co/Rc8L52lYYx https://t.co/F6gLnvz1g2
848231368891015168,2017-04-01 17:51:32,".@AP: ""Trump's rollback of coal rules electrifies Wyoming workers""
https://t.co/z5JscUM9XJ"
848009877414977537,2017-04-01 03:11:24,RT @larsloekke: Thank you for a constructive meeting about strengthening the ties between our two countries @POTUS #WhiteHouse https://t.co‚Ä¶
847895681545195521,2017-03-31 19:37:38,'Trump Celebrates American Manufacturing Survey Showing Highest Level of Optimism in 20 Years' ‚û°Ô∏è‚Ä¶ https://t.co/xss8JRYnco
847883708849901568,2017-03-31 18:50:03,RT @WhiteHouse: Watch LIVE as @POTUS signs executive orders regarding trade: https://t.co/Ao8fuZWbOQ https://t.co/lwO8BqGaEl
847867550213996544,2017-03-31 17:45:51,#ConfirmGorsuch #SCOTUS https://t.co/zXPQH5zSfN
847863297454084099,2017-03-31 17:28:57,"Great meeting with a wonderful woman today, former Secretary of State, Condoleezza Rice! #USAüá∫üá∏ https://t.co/1bMfa21c5E"
847849421694013440,2017-03-31 16:33:49,A new surge in optimism is sweeping across our land! #MakeAmericaGreatAgain üá∫üá∏ https://t.co/abY0G6CQOZ https://t.co/Qm8nUN1k80
847821368334983168,2017-03-31 14:42:20,"It was an honor to welcome the Prime Minister of Denmark, Lars L√∏kke Rasmussen {@larsloekke} to the @WhiteHouse yes‚Ä¶ https://t.co/pRWTp4VMwg"
847807361825820672,2017-03-31 13:46:41,RT @WhiteHouse: Tune in for @POTUS' Weekly Address at 10am: https://t.co/0iMrRnSa8V https://t.co/9A5GxWlCHk
847630605042962432,2017-03-31 02:04:19,Only by enlisting the full potential of women in our society will we be truly able to #MakeAmericaGreatAgainüá∫üá∏‚Ä¶ https://t.co/SFEUiMFDnr
847619972985520129,2017-03-31 01:22:04,The meeting next week with China will be a very difficult one in that we can no longer have massive trade....cont‚û°Ô∏èhttps://t.co/dgoliP8yhI
847619539122573312,2017-03-31 01:20:20,"If @RepMarkMeadows, @Jim_Jordan and @Raul_Labrador would get on board we would have both great healthcare and massive tax cuts &amp; reform."
847616591609044993,2017-03-31 01:08:38,Great op-ed from @RepKenBuck. Looks like some in the Freedom Caucus are helping me end #Obamacare. https://t.co/c7z1ZKSlbh
847589453883461632,2017-03-30 23:20:47,Weekly Address - 10:00 A.M. tomorrow! #MAGA ‚û°Ô∏è https://t.co/umsr7N7YHN https://t.co/2kIysOYVCw
847511002430214144,2017-03-30 18:09:03,#ConfirmGorsuch #SCOTUS https://t.co/k2FiTsHbBf
847499963894349824,2017-03-30 17:25:11,"RT @WhiteHouse: Today @POTUS welcomes the Prime Minister of Denmark, @larsloekke, to the White House. https://t.co/htp6HYTbvs"
847274301493354496,2017-03-30 02:28:29,Congratulations David Friedman! https://t.co/8PGfIybRzZ
847273540940214272,2017-03-30 02:25:28,"RT @SecShulkin: On this #NationalVietnamWarVeteransDay, we thank our #Vietnam Veterans for serving. https://t.co/HSEpI6AHw2 https://t.co/0O‚Ä¶"
847272101086085121,2017-03-30 02:19:45,".@FLOTUS and I stopped by the Women's Empowerment Panel in the East Room of the @WhiteHouse today. #ICYMI, watch: https://t.co/HKTRfIvPFy"
847271367518978048,2017-03-30 02:16:50,"RT @realDonaldTrump: Today we honored our true American heroes on the first-ever National Vietnam War Veterans Day.
#ThankAVeteran https://‚Ä¶"
847077970900602881,2017-03-29 13:28:20,If the people of our great country could only see how viciously and inaccurately my administration is covered by certain media! -DJT
846906227867078658,2017-03-29 02:05:54,My action today is the latest in a series of steps to create American jobs and to grow American wealth! #MAGA ‚û°Ô∏è‚Ä¶ https://t.co/Q82PI9yMTQ
846904972671238144,2017-03-29 02:00:54,"RT @FLOTUS: .@POTUS and I enjoyed hosting members of the Senate &amp; guests this evening, along w @VP &amp; @SecondLady. Great conversation &amp; musi‚Ä¶"
846883082842128384,2017-03-29 00:33:55,"Tonight I'm proud to sign S. 305, which encourages the display of the U.S. flag on National Vietnam War Veterans Da‚Ä¶ https://t.co/yH56XTXjTs"
846841556690722817,2017-03-28 21:48:55,"A NEW ERA IN AMERICAN ENERGY! 
#MadeInTheUSAüá∫üá∏
Watch here: https://t.co/cOb8TyTIq6 https://t.co/btBTQBE2Kc"
846786654950100992,2017-03-28 18:10:45,With the fraternal order of police in the Oval Office - after a great listening session in the Roosevelt Room at th‚Ä¶ https://t.co/bfCWNQGNRq
846786537648017408,2017-03-28 18:10:17,RT @EPA: .@POTUS is at EPA today to announce an executive order directing us to review the Clean Power Plan. Watch it live: https://t.co/Be‚Ä¶
846745344528568320,2017-03-28 15:26:36,"The failing @NYTimes would do much better if they were honest! 
https://t.co/TWtQcfXfS4"
846447280228110339,2017-03-27 19:42:12,"I'll keep working with Congress, agencies, and the American people until we eliminate every unnecessary, job-killing regulation we can find!"
846446865918783488,2017-03-27 19:40:33,"Today I'm signing 4 bills under the Congressional Review Act that cancels regulations &amp; eliminates unnecessary, job‚Ä¶ https://t.co/E8Ev8dnPfn"
845781411940454400,2017-03-25 23:36:17,Thanks you for all of the Trump Rallies today. Amazing support. We will all MAKE AMERICA GREAT AGAIN! https://t.co/qSD1tYUhmP
845697562875170819,2017-03-25 18:03:05,"RT @NASA: Watch @WhiteHouse‚Äôs weekly address about NASA Authorization Act signed by @POTUS, continuing missions of exploration https://t.co‚Ä¶"
845650434891091968,2017-03-25 14:55:49,Thank you @SecretaryPerry &amp; @GregAbbott_TX! #MAGAüá∫üá∏ https://t.co/CkVRG1Vq7q
845649960855113728,2017-03-25 14:53:56,ObamaCare will explode and we will all get together and piece together a great healthcare plan for THE PEOPLE. Do not worry!
845623077052526592,2017-03-25 13:07:07,Weekly Address - 11:00 A.M. today! ‚û°Ô∏èhttps://t.co/CppERgEPBf https://t.co/tDAbRHdAi7
845320378725621762,2017-03-24 17:04:18,"Today, I was pleased to announce the official approval of the presidential permit for the #KeystonePipeline. A grea‚Ä¶ https://t.co/W5j8gdZ6QZ"
845287107321061381,2017-03-24 14:52:05,"THANK YOU! More conservative groups are endorsing #AHCA. @ACUConservative, @TeaPartyExpress and dozens more! #PassTheBill #RepealANDReplace"
845269215305195523,2017-03-24 13:40:59,"The irony is that the Freedom Caucus, which is very pro-life and against Planned Parenthood, allows P.P. to continue if they stop this plan!"
845248036330766338,2017-03-24 12:16:50,"After seven horrible years of ObamaCare (skyrocketing premiums &amp; deductibles, bad healthcare), this is finally your chance for a great plan!"
845069278915235840,2017-03-24 00:26:31,Disastrous #Obamacare has led to higher costs &amp; fewer options. It will only continue to get worse! We must #RepealANDReplace. #PassTheBill
844951731050074112,2017-03-23 16:39:25,We must #RepealANDReplace #Obamacare for the millions that are suffering. Tell your Rep you support #AHCA. Locator‚Ä¶ https://t.co/If95ybn03H
844873366104244225,2017-03-23 11:28:02,You were given many lies with #Obamacare! Go with our plan! Call your Rep &amp; let them know you're behind #AHCA ‚û°Ô∏è‚Ä¶ https://t.co/8J14RnhOVG
844638594878857217,2017-03-22 19:55:08,I spoke with PM Theresa May of the United Kingdom to offer my condolences on today's terror attack in London....‚Ä¶ https://t.co/5FclJUWvr5
844275965941485568,2017-03-21 19:54:10,"RT @USDA: .@POTUS Proclaims March 21, 2017, as National Agriculture Day: https://t.co/EW14ZZdHkV #NationalAgDay"
844258377299611650,2017-03-21 18:44:17,#ConfirmGorsuch #SCOTUS https://t.co/EnzFXVMp1M
844255118291845120,2017-03-21 18:31:20,#ConfirmGorsuch #SCOTUS https://t.co/9dTQDCmh3X
844253966460436480,2017-03-21 18:26:45,#ConfirmGorsuch #SCOTUS https://t.co/ivDbR6KBKZ
844240632331866112,2017-03-21 17:33:46,"Honored to sign S.442 today. With this legislation, we support @NASA's scientists, engineers, and astronauts in the‚Ä¶ https://t.co/vT6kc10d85"
844233605849268224,2017-03-21 17:05:51,Joined the @HouseGOP Conference this morning at the U.S. Capitol. https://t.co/5kRYOAIaCY #PassTheBill #MAGAüá∫üá∏‚Ä¶ https://t.co/XH0BkfAcIK
844211760416604161,2017-03-21 15:39:03,RT @GorsuchFacts: Judge Gorsuch's record speaks for itself. #ConfirmGorsuch #SCOTUS https://t.co/XBLe1Qgmsb
844197090615934976,2017-03-21 14:40:45,Judge Gorsuch is the kind of judge we need on #SCOTUS - someone with a brilliant legal mind &amp; a commitment to const‚Ä¶ https://t.co/xBrIfE4zi3
844195400072486912,2017-03-21 14:34:02,RT @WhiteHouse: Join us LIVE as @POTUS signs the NASA Transition Authorization Act of 2017: https://t.co/5Vij4Hxejg https://t.co/43WyVVzVyq
843902944579936256,2017-03-20 19:11:55,"FBI Director Comey: fmr. DNI Clapper ""right"" to say no evidence of collusion between Russia and Trump Campaign.‚Ä¶ https://t.co/nUMYPlJQdd"
843881258593796098,2017-03-20 17:45:45,FBI Director Comey admits Obama‚Äôs White House had ability to ‚Äúunmask‚Äù American citizens. https://t.co/gIo6it9NcQ
843876462113554437,2017-03-20 17:26:41,FBI Director Comey says classified leaks to the media have been ‚Äúunusually active‚Äù recently. https://t.co/WumDJSqaFA
843867194954076161,2017-03-20 16:49:52,NSA Director Rogers tells Congress unmasking individuals endangers national security. https://t.co/jTwjPINvNh
843865267008655360,2017-03-20 16:42:12,The NSA and FBI tell Congress that Russia did not influence electoral process. https://t.co/d9HqkxYBt5
843863057516380161,2017-03-20 16:33:25,FBI Director Comey refuses to deny he briefed President Obama on calls made by Michael Flynn to Russia. https://t.co/cUZ5KgBSYP
843495867655032833,2017-03-19 16:14:20,RT @WhiteHouse: Stories like Dr. Sethi's are why @POTUS is fighting to #RepealAndReplace #Obamacare. Share your story here: https://t.co/dz‚Ä¶
843444969532788737,2017-03-19 12:52:05,RT @WhiteHouse: #ICYMI: Watch @POTUS' Weekly Address https://t.co/99jsORXx4T https://t.co/qysLcgrfNK
843190961572368385,2017-03-18 20:02:45,RT @WhiteHouse: Stories like Ms. Sertich's are why @POTUS is fighting to #RepealAndReplace #Obamacare. Share your story here: https://t.co/‚Ä¶
843138551239905281,2017-03-18 16:34:30,"...vast sums of money to NATO &amp; the United States must be paid more for the powerful, and very expensive, defense it provides to Germany!"
843138446646501376,2017-03-18 16:34:05,"Despite what you have heard from the FAKE NEWS, I had a GREAT meeting with German Chancellor Angela Merkel. Nevertheless, Germany owes..."
843135385731522561,2017-03-18 16:21:55,"It's time to put #AmericaFirst when it comes to how we spend taxpayers' money. We will keep our people safe! 
https://t.co/A0tlzHutF8"
842872275980423168,2017-03-17 22:56:25,Weekly Address - 11:00 A.M. tomorrow! #MAGA üá∫üá∏ ‚û°Ô∏è https://t.co/ztQkg5Niwv https://t.co/P7n7b8T2cD
842843417004724225,2017-03-17 21:01:44,RT @WhiteHouse: Stories like Dr. Armstrong's are why @POTUS is fighting to #RepealAndReplace #Obamacare. Share your story here: https://t.c‚Ä¶
842832911644725248,2017-03-17 20:19:59,Great meeting with the @RepublicanStudy Committee this morning at the @WhiteHouse! https://t.co/U8gaHBVmW7
842752987772674048,2017-03-17 15:02:24,Attending a great listening session with @DeptVetAffairs @SecShulkin in the Roosevelt Room. We are going to take ca‚Ä¶ https://t.co/yThFvucOcy
842735618677506048,2017-03-17 13:53:23,"RT @WhiteHouse: Today @POTUS welcomes the Chancellor of Germany, Angela Merkel, to the White House. 

Watch their press conference: https:/‚Ä¶"
842731249038999554,2017-03-17 13:36:01,"North Korea is behaving very badly. They have been ""playing"" the United States for years. China has done little to help!"
842731171498938368,2017-03-17 13:35:43,Happy L√° Fheile Phadraig to all of my great Irish friends!
842506837815640064,2017-03-16 22:44:17,My representatives had a great meeting w/ the Hispanic Chamber of Commerce at the WH today. Look forward to tremendous growth &amp; future mtgs!
842506738314166272,2017-03-16 22:43:54,Great progress on healthcare. Improvements being made - Republicans coming together!
842472370141052928,2017-03-16 20:27:20,We will rebuild our MILITARY. We will keep our people SAFE. We will take care of our VETS. We will put #AmericaFirst https://t.co/A0tlzHutF8
842470730205913088,2017-03-16 20:20:49,"Congratulations @SenDanCoats!
#MakeAmericaGreatAgainüá∫üá∏ https://t.co/b3KjESNdyG"
842403424486449152,2017-03-16 15:53:22,A budget that puts #AmericaFirst must make safety its no. 1 priority‚Äîwithout safety there can be no prosperity: https://t.co/A0tlzHutF8
842139935578722304,2017-03-15 22:26:21,Andrew Jackson: We thank you for your service. We honor your memory. We build on your legacy &amp; we thank God for the‚Ä¶ https://t.co/D3hXIYeutZ
842117325490933760,2017-03-15 20:56:30,I will be interviewed by @TuckerCarlson tonight at 9:00 P.M. on @FoxNews. Enjoy!
842091489563926528,2017-03-15 19:13:51,#MakeAmericaGreatAgain ‚û°Ô∏è https://t.co/R12kH3S6Ap https://t.co/wGnKwFgceJ
842090674275155969,2017-03-15 19:10:36,#BuyAmericanHireAmerican: it's a pledge! https://t.co/93VihEM5Yn
842089893459300352,2017-03-15 19:07:30,"""We are not simply here to honor the past, but to devote ourselves to a new future of American Automotive Leadershi‚Ä¶ https://t.co/YAxFmNMYc8"
842076931482890243,2017-03-15 18:16:00,Join me LIVE as I deliver remarks at the American Center for Mobility ‚û°Ô∏è https://t.co/R12kH3S6Ap https://t.co/rQgH8Xw3n1
842036370419929089,2017-03-15 15:34:49,RT @WhiteHouse: .@POTUS is fighting to #RepealAndReplace #Obamacare because of stories like Mrs. Couey's. Share your own story: https://t.c‚Ä¶
842005251720908800,2017-03-15 13:31:10,CEO's most optimistic since 2009. It will only get better as we continue to slash unnecessary regulations and when we begin our big tax cut!
841996445884526593,2017-03-15 12:56:10,"Will be going to Detroit, Michigan (love), today for a big meeting on bringing back car production to State &amp; U.S. Already happening!"
841996129856282624,2017-03-15 12:54:55,"Can you imagine what the outcry would be if @SnoopDogg, failing career and all, had aimed and fired the gun at President Obama? Jail time!"
841812296594776064,2017-03-15 00:44:26,"RT @Scavino45: Join @POTUS @realDonaldTrump's team on Twitter -- @Cabinet! 
#MakeAmericaGreatAgainüá∫üá∏ https://t.co/Bq6ewpPjIk"
841787137372635136,2017-03-14 23:04:27,RT @WhiteHouse: Stories like Mr. Summers' are why @POTUS is fighting to #RepealAndReplace #Obamacare. Share your story here: https://t.co/d‚Ä¶
841749757726978050,2017-03-14 20:35:55,Congratulations Seema! https://t.co/abG2Wc5I0H
841683471428964353,2017-03-14 16:12:31,Great optimism in America ‚Äì and the results will be even better! https://t.co/TwsySB06ac
841666212190928901,2017-03-14 15:03:57,"JOBS, JOBS, JOBS! https://t.co/FUwemhEaDK"
841424451648552961,2017-03-13 23:03:16,#Obamacare has led toüìàcosts &amp; fewerüìâhealth insurance options for millions of Americans. How has it impacted you? ‚û°Ô∏è‚Ä¶ https://t.co/lphGtjak4Y
841419266561835009,2017-03-13 22:42:40,"RT @POTUS: Meeting w/ Washington, D.C. @MayorBowser and Metro GM Paul Wiedefeld about incoming winter storm preparations here in D.C. Every‚Ä¶"
841418162851700736,2017-03-13 22:38:17,"Meeting w/ Washington, D.C. @MayorBowser and Metro GM Paul Wiedefeld about incoming winter storm preparations here‚Ä¶ https://t.co/NaadHfk7eB"
841403658491301893,2017-03-13 21:40:39,"If Obamacare is so great, why'd they spend tens of millions of taxpayer dollars to 'hype' it? BAD! #RepealAndReplace https://t.co/5mur5pIFQz"
841391200322105344,2017-03-13 20:51:09,Proud to welcome our great Cabinet members to the @WhiteHouse this afternoon with @VP Pence. https://t.co/nwnSqk8wST
841364009110687746,2017-03-13 19:03:06,"RT @SecPriceMD: States need flexibility to develop #healthcare models that meet the needs of their communities, that ‚Üë access ‚Üë affordabili‚Ä¶"
841342785684922369,2017-03-13 17:38:46,Everyone along the east coast be safe and listen to local officials as a major winter storm approaches. @NWS‚Ä¶ https://t.co/2OUG6NMuSe
841338416889491458,2017-03-13 17:21:24,Healthcare listening session w/ @VP &amp; @SecPriceMD. Watch: https://t.co/RO5aXJLadw #ReadTheBill:‚Ä¶ https://t.co/MTwusn80GT
841300388762509312,2017-03-13 14:50:17,#RepealAndReplace #Obamacare https://t.co/RO5aXJLadw https://t.co/SLuVWiU1cN
841280466720309248,2017-03-13 13:31:08,"ObamaCare is imploding. It is a disaster and 2017 will be the worst year yet, by far! Republicans will come together and save the day."
841280320322306049,2017-03-13 13:30:33,"It is amazing how rude much of the media is to my very hard working representatives. Be nice, you will do much better!"
840675833937330177,2017-03-11 21:28:32,#MakeAmericaGreatAgainüá∫üá∏ https://t.co/hDtpbl4oA9
840674990781542400,2017-03-11 21:25:11,RT @WhiteHouse: .@POTUS Trump's First 50 Days of Action: Achieving Results for the American People https://t.co/Xw15oqp712 https://t.co/HMD‚Ä¶
840602660478820352,2017-03-11 16:37:46,"RT @VP: LISTEN LIVE as I deliver remarks at @HarshawTrane in Louisville, KY. https://t.co/EEgtfnO4KB"
840575046003367936,2017-03-11 14:48:02,We are making great progress with healthcare. ObamaCare is imploding and will only get worse. Republicans coming together to get job done!
840568025250189312,2017-03-11 14:20:08,"#ICYMI- Weekly Address:
https://t.co/EMAjO07GuJ https://t.co/ZqPAERhu8C"
840558072334548992,2017-03-11 13:40:35,#ReadTheBill: https://t.co/jb8Yoyftyz https://t.co/d9kVtHW1bk
840286677637746689,2017-03-10 19:42:10,"Three-Pronged Approach to REPEAL AND REPLACE #Obamacare! 
‚û°Ô∏èhttps://t.co/XCYPOc0bzi https://t.co/vSLVJ6KXao"
840270290483593217,2017-03-10 18:37:03,We are taking steps to stabilize health insurance markets and start bringing down costs for MILLIONS of people affected by #Obamacare.
840269011770318848,2017-03-10 18:31:58,Great meeting w/ the healthcare specific House Committee Leadership this afternoon at the @WhiteHouse. #ReadTheBill‚Ä¶ https://t.co/yDofamvQ8r
840268068853014528,2017-03-10 18:28:13,Join @PressSec live- coming up soon! https://t.co/EOpAFnlG7W
840226451551051776,2017-03-10 15:42:51,"Weekly Address - 11:00 A.M. at the @WhiteHouse! #MAGAüá∫üá∏
‚û°Ô∏èhttps://t.co/EMAjO07GuJ https://t.co/RjOook4k0I"
839978944543752193,2017-03-09 23:19:21,Honored to meet this years @SenateYouth delegates w/ @VP Pence in the East Room of the @WhiteHouse. Congratulations‚Ä¶ https://t.co/NuZIDEJlLm
839926426753183744,2017-03-09 19:50:39,Great legislative affairs meeting this afternoon at the @WhiteHouse. https://t.co/Pu3cx6Jj2E
839902400139919360,2017-03-09 18:15:11,Join @PressSec at https://t.co/9OsPtLVgfw for today's briefing!
839901515712245760,2017-03-09 18:11:40,Great listening session with CEOs of community banks today at the @WhiteHouse! https://t.co/kQ8p2Y6nBV https://t.co/TyNGFWSpiM
839883896959483904,2017-03-09 17:01:39,"Despite what you hear in the press, healthcare is coming along great. We are talking to many groups and it will end in a beautiful picture!"
839625545948233730,2017-03-08 23:55:04,"Great news. We are only just beginning. Together, we are going to #MAGA! https://t.co/4QayxcKjoR https://t.co/fOuQkzzgRH"
839625471071502336,2017-03-08 23:54:46,Met with @RepCummings today at the @WhiteHouse. Great discussion!
839582076550672393,2017-03-08 21:02:20,"#RepealAndReplace #Obamacare
https://t.co/co5mMBv7Aa"
839502021262725120,2017-03-08 15:44:13,U.S. private sector job creation surging with nearly 300K created last month. Much more than expected! https://t.co/XYf0Sc4eqG
839434396717432832,2017-03-08 11:15:30,"On International Women's Day, join me in honoring the critical role of women here in America &amp; around the world. https://t.co/eAbd9OiUl5"
839434246368477184,2017-03-08 11:14:54,I have tremendous respect for women and the many roles they serve that are vital to the fabric of our society and our economy.
839268685940461569,2017-03-08 00:17:02,I feel sure that my friend @RandPaul will come along with the new and great health care program because he knows Obamacare is a disaster!
839210736450748417,2017-03-07 20:26:46,#ConfirmGorsuch #SCOTUS https://t.co/cst1KtlUcY
839132604444131330,2017-03-07 15:16:17,"Don't let the FAKE NEWS tell you that there is big infighting in the Trump Admin. We are getting along great, and getting major things done!"
839100602038763521,2017-03-07 13:09:07,"A new chapter of AMERICAN GREATNESS is now beginning. Together, we will MAKE AMERICA GREAT AGAIN!‚Ä¶ https://t.co/NSbJ6N93GM"
839099397900288002,2017-03-07 13:04:20,Our wonderful new Healthcare Bill is now out for review and negotiation. #ObamaCare is a complete and total disaster - is imploding fast!
839099211266285568,2017-03-07 13:03:36,"122 vicious prisoners, released by the Obama Administration from Gitmo, have returned to the battlefield. Just another terrible decision!"
838908081643859968,2017-03-07 00:24:07,"House just introduced the bill to #RepealAndReplace #Obamacare. Time to end this nightmare. 
https://t.co/z4A27JwaXX"
838897786892468225,2017-03-06 23:43:13,"There is an incredible spirit of optimism sweeping the country right now‚Äîwe're bringing back the JOBS!
Watch:‚Ä¶ https://t.co/srsZd8owBa"
837799383139770368,2017-03-03 22:58:33,#ICYMI- join me on the soon to be commissioned #USSGeraldRFord. You can watch here: https://t.co/MTMfLbed3q https://t.co/H64lSJ8Wuq
837788844573483008,2017-03-03 22:16:40,MAKE AMERICA GREAT AGAIN! https://t.co/O08AlsWQzu
837770710655381504,2017-03-03 21:04:37,"I hereby demand a second investigation, after Schumer, of Pelosi for her close ties to Russia, and lying about it. https://t.co/ZLTxCuY9qU"
837694901789818880,2017-03-03 16:03:22,"Watch my Weekly Address: 

https://t.co/VqJZUBUJpr

Enjoy! https://t.co/6KA9Zr7IHs"
837683101266493440,2017-03-03 15:16:29,RT @WhiteHouse: Watch @POTUS Trump's Weekly Address today at 11:00am EST: https://t.co/vi7eJ7Wi3E https://t.co/KZFHqXkwME
837538265796235264,2017-03-03 05:40:57,RT @USNavy: .@POTUS visits #USNavy's future  #USSGeraldRFord #CVN78 - https://t.co/E16tCVq3tK https://t.co/Qw26T5lexd
837520606262349824,2017-03-03 04:30:47,Jeff Sessions is an honest man. He did not say anything wrong. He could have stated his....https://t.co/woEQgNejjK
837445887580385280,2017-03-02 23:33:53,"Congratulations to our new Secretary of @ENERGY, Rick Perry! https://t.co/gt7VWGrmu7"
837445213249470469,2017-03-02 23:31:12,"Congratulations to our new Secretary of @HUDgov, Dr. Ben Carson! https://t.co/VhwZWxoxV3"
837007578055979012,2017-03-01 18:32:12,RT @WhiteHouse: ICYMI: Watch @POTUS Trump's #JointAddress to Congress https://t.co/zT56mxV2St
836978465870086144,2017-03-01 16:36:31,"Congratulations to our new Secretary of @Interior, Ryan Zinke! https://t.co/j4Tqcl5hmQ"
836965783775367172,2017-03-01 15:46:07,"THANK YOU!
https://t.co/3MKdgMsNIM"
836780803245944833,2017-03-01 03:31:04,A new chapter of American Greatness is now beginning. #AmericanSpirit
836775337342160896,2017-03-01 03:09:21,I am asking all citizens to embrace this Renewal of the #AmericanSpirit. #JointAddress
836774995279892480,2017-03-01 03:08:00,"We are one people, with one destiny.

We all bleed the same blood.

We all salute the same flag.

And we are all made by the same God."
836774679562043392,2017-03-01 03:06:44,Think of the marvels we can achieve if we simply set free the dreams of our people. #AmericanSpirit #JointAddress
836774309192478720,2017-03-01 03:05:16,"We want harmony and stability, not war and conflict. We want peace, wherever peace can be found. #JointAddress #AmericanSpirit"
836773012884049921,2017-03-01 03:00:07,Ryan‚Äôs legacy is etched into eternity. #AmericanSpirit
836772393720897536,2017-03-01 02:57:39,My budget will increase funding for our Veterans. Our Veterans have delivered for this nation. Now we MUST deliver for them. #JointAddress
836772084445507584,2017-03-01 02:56:26,We must provide the men and women of the U.S. Military with the tools they need to prevent war and ‚Äì if they must ‚Äì TO FIGHT AND TO WIN.
836771138244083717,2017-03-01 02:52:40,We must support the incredible men and women of law enforcement. #JointAddress #AmericanSpirit
836770881179385859,2017-03-01 02:51:39,"EVERY American child should be able to grow up in a safe community, to attend a great school, and to have access to a high-paying job."
836770458624208897,2017-03-01 02:49:58,Education is the civil rights issue of our time. I am calling for an education bill that funds school choice for disadvantaged youth.
836769839163277312,2017-03-01 02:47:30,"RT @WhiteHouse: ""Our citizens deserve this, and so much more - so why not join forces to finally get it done?"" #JointAddress https://t.co/r‚Ä¶"
836769181588676608,2017-03-01 02:44:53,The time has come to give Americans the freedom to purchase health insurance across state lines! #JointAddress
836768610014138368,2017-03-01 02:42:37,We must ensure that Americans with pre-existing conditions have access to coverage. #JointAddress
836768336163799040,2017-03-01 02:41:32,"Obamacare is collapsing ‚Äì and we must act decisively to protect all Americans. Action is not a choice, it is a necessity. #JointAddress"
836767771790819330,2017-03-01 02:39:17,"I am calling on Congress to REPEAL &amp; REPLACE OBAMACARE with reforms that expand choice, increase access, lower costs &amp; provide better care."
836767582208274432,2017-03-01 02:38:32,"The time has come for a new program of national rebuilding that will be guided by two core principles: Buy American, and Hire American!"
836766505899544576,2017-03-01 02:34:16,"I believe in free trade, but it also must be FAIR TRADE. I'm not going to let our great companies and workers be taken advantage of anymore!"
836765872991633408,2017-03-01 02:31:45,My team is developing historic tax reform that will reduce the tax rate on our companies &amp; provide massive tax relief for the middle class.
836765640383922177,2017-03-01 02:30:49,"We must restart the engine of the American economy, making it easier for companies to do business in the US &amp; much harder for them to leave!"
836765563854651393,2017-03-01 02:30:31,Solving these problems will require us to tap into the #AmericanSpirit that has overcome every challenge throughout our storied history.
836765395608604674,2017-03-01 02:29:51,"In the last 8 years, the past Administration has put on more new debt than nearly all other Presidents combined. #JointAddress"
836764295513927680,2017-03-01 02:25:29,"It is not compassionate, but reckless, to allow uncontrolled entry from places where proper vetting cannot occur. #JointAddress"
836763907566026752,2017-03-01 02:23:56,"As we speak, we are removing gang members, drug dealers and criminals that threaten our communities and prey on our citizens. #JointAddress"
836763740028678148,2017-03-01 02:23:16,My Administration has answered the pleas of the American people for immigration enforcement and border security. #JointAddress
836763411027472384,2017-03-01 02:21:58,"We will stop the drugs from pouring into our country &amp; poisoning our youth, and we will expand treatment for those who have become addicted."
836763116058918912,2017-03-01 02:20:47,I have issued a new directive that American pipelines must be made with American steel. #JointAddress #AmericanSpirit
836762913545334785,2017-03-01 02:19:59,RT @WhiteHouse: Fighting for American Workers #JointAddress #AmericanSpirit https://t.co/jwh7SgW7Og
836761877388603393,2017-03-01 02:15:52,"Above all else, we will keep our promises to the American People. #JointAddress #AmericanSpirit"
836761614594555904,2017-03-01 02:14:49,"America must put its own citizens first, because only then can we truly Make America Great Again! #JointAddress #AmericanSpirit"
836760999843758082,2017-03-01 02:12:23,RT @WhiteHouse: This is the #AmericanSpirit. #JointAddress https://t.co/OgllGrPTe9
836760865739325442,2017-03-01 02:11:51,A surge of optimism is placing impossible dreams firmly within our grasp. What we are witnessing today is the Renewal of the #AmericanSpirit
836760755001249792,2017-03-01 02:11:24,"I am here tonight to deliver a message of unity and strength, and it is a message deeply delivered from my heart. #JointAddress"
836760638416437248,2017-03-01 02:10:57,We are a country that stands united in condemning hate and evil in all of its very ugly forms. #JointAddress
836757215763697664,2017-03-01 01:57:21,"#JointSession #MAGA
https://t.co/DcUUhLyFRU"
836754740105064448,2017-03-01 01:47:30,RT @VP: Karen and I on our way to hear @POTUS speak directly to America about his optimistic vision. WATCH: https://t.co/xkAkG9LbWa #JointA‚Ä¶
836711762762280961,2017-02-28 22:56:44,RT @WhiteHouse: Tune in LIVE tonight at 9pm EST for @POTUS Trump's #JointAddress: https://t.co/TFWe9JNfFZ https://t.co/4uOlQ2xrJ4
836709052046528513,2017-02-28 22:45:57,RT @Scavino45: Find out what Executive Orders @POTUS @realDonaldTrump signed today at the @WhiteHouse! Entire video here: https://t.co/2ZuN‚Ä¶
836694740708044801,2017-02-28 21:49:05,RT @IvankaTrump: Proud to support the signing of H.R. 321 &amp; 255. #ClosingTheGenderGap in STEM fields is vital to innovation and workforce d‚Ä¶
836589045560053763,2017-02-28 14:49:06,"RT @WhiteHouse: Watch LIVE as @VP Pence participates in the swearing-in of the Secretary of @CommerceGov, Wilbur Ross:  https://t.co/tAR4mM‚Ä¶"
836416283340070912,2017-02-28 03:22:36,I will be interviewed on @foxandfriends at 6:00 A.M. Enjoy!
836413040614588418,2017-02-28 03:09:43,Thank you to the great presidents of our #HBCUs for their commitment to higher education. Read more here:‚Ä¶ https://t.co/2qS4FgnCe2
836380135444086784,2017-02-28 00:58:58,"Congratulations to our new Secretary of @CommerceGov, Wilbur Ross! https://t.co/pMmlLRzwky"
836261554135924736,2017-02-27 17:07:46,Great meeting with CEOs of leading U.S. health insurance companies who provide great healthcare to the American peo‚Ä¶ https://t.co/xpgnT28EOY
836229996175831041,2017-02-27 15:02:22,#Obamacare has failed. We are going to #RepealAndReplace! https://t.co/4jusbJ9qLc
835955231225692160,2017-02-26 20:50:33,"Big dinner with Governors tonight at White House. Much to be discussed, including healthcare."
835923804983603202,2017-02-26 18:45:40,"Russia talk is FAKE NEWS put out by the Dems, and played up by the media, in order to mask the big election defeat and the illegal leaks!"
835630731032424450,2017-02-25 23:21:06,I will not be attending the White House Correspondents' Association Dinner this year. Please wish everyone well and have a great evening!
835571208842260481,2017-02-25 19:24:35,Weekly Address from @WhiteHouse: ‚û°Ô∏èhttps://t.co/7PgkrtM0OY https://t.co/O43Y05vaQV
835275100693880832,2017-02-24 23:47:57,"Thank you #CPAC2017! 
https://t.co/H66racvGwR https://t.co/TbegxBj6uY"
835223653893689344,2017-02-24 20:23:31,RT @WhiteHouse: .@POTUS Trump cuts through more red tape: https://t.co/KfAyQ757aq
835214271453806592,2017-02-24 19:46:14,This afternoon I signed an executive order to establish task forces that will help scrap job-killing regulations on‚Ä¶ https://t.co/ImrztJhExu
835173046977703936,2017-02-24 17:02:25,"One by one, we are checking off the promises we made to the people of the United States....cont: https://t.co/3toujY1nLk"
835170012373598208,2017-02-24 16:50:22,We inherited a national debt that has doubled in eight years. We inherited a foreign policy marked by one....cont: https://t.co/r0koJ91b4Q
835168825322713088,2017-02-24 16:45:39,"We are also putting in a massive budget request for the military, and we will be substantially upgrading....cont:‚Ä¶ https://t.co/USPslAsBvH"
835167077048672256,2017-02-24 16:38:42,"We are going to massively lower taxes on the middle class, reduce taxes on American business, and make our....cont: https://t.co/IdDBsvYynT"
835166189743656965,2017-02-24 16:35:10,We are preparing to #RepealAndReplace the disaster known as #Obamacare ‚Äì we are going to....cont: https://t.co/IEr2SghRIm
835165269249130501,2017-02-24 16:31:31,"Our victory was a win for every hardworking citizen in this country who believes in freedom, security and....cont:‚Ä¶ https://t.co/MH8ZSc7OHA"
835164363145293824,2017-02-24 16:27:55,The media didn‚Äôt think we would win. The pundits didn‚Äôt think we would win. The consultants didn‚Äôt think...cont:‚Ä¶ https://t.co/1HSRga4q77
835147981926051844,2017-02-24 15:22:49,"Join me live at @CPAC! #CPAC2017
https://t.co/lPhjLZHFwe https://t.co/Onh4ykx72y"
835115187564867585,2017-02-24 13:12:31,"The FBI is totally unable to stop the national security ""leakers"" that have permeated our government for a long....https://t.co/1I6K2JnFnE"
834955241569255425,2017-02-24 02:36:56,#MakeAmericaGreatAgainüá∫üá∏ https://t.co/JcqPyZcSq3
834876593583579141,2017-02-23 21:24:25,"'President Donald J. Trump will speak at the Conservative Political Action Conference (CPAC) on Friday, February 24‚Ä¶ https://t.co/FlJaDWdQxK"
834873249502724097,2017-02-23 21:11:08,'Cisco chairman John Chambers explains how Trump will be a boon to tech startups' https://t.co/9722yIAh5g
834855800560611334,2017-02-23 20:01:48,Great job - see you tomorrow at 10amE! #CPAC2017 https://t.co/bO99P9CCg5
834826008868040704,2017-02-23 18:03:25,RT @VP: We hosted some of the country‚Äôs largest manufacturers for small working group sessions to discuss the need to boost job creation in‚Ä¶
834813661982109696,2017-02-23 17:14:21,Listening session with manufacturing CEO's at the @WhiteHouse this morning. Watch: https://t.co/PwW12Yqgtq https://t.co/aFZuLgIvIK
834782600946446337,2017-02-23 15:10:56,"'Trump on track to aggressively address immigration, crime' 
https://t.co/cnXPj3bNnF"
833811223980412928,2017-02-20 22:51:01,"Congratulations to our new National Security Advisor, General H.R. McMaster! https://t.co/X1AYe4049o"
832668984537468928,2017-02-17 19:12:10,"Congratulations to our new @EPA Administrator, Scott Pruitt! https://t.co/TuZFWdrTmn"
832643569768767489,2017-02-17 17:31:11,"Just arrived in South Carolina!
https://t.co/EFvXOKa8ur https://t.co/I9SF9Fc0zM"
832611295832768513,2017-02-17 15:22:56,RT @WhiteHouse: Join us at 11am EST for @POTUS Trump's Weekly Address: https://t.co/yNfQwKdlE2 https://t.co/0RRosyS5EB
832593253379796992,2017-02-17 14:11:15,"RT @PressSec: .@POTUS heading to Charleston, SC to unveil the new @Boeing 787 Dreamliner."
832447477391491073,2017-02-17 04:31:59,#MakeAmericaGreatAgain https://t.co/iwkcH3BBAG
832446133293215744,2017-02-17 04:26:38,"'President Trump: Putting Coal Country Back to Work'
https://t.co/t8mgQJq0fL"
832420455281807366,2017-02-17 02:44:36,'President Trump Hosts Israeli Prime Minister Benjamin Netanyahu at the White House' https://t.co/5bRbbeHhKK https://t.co/iJYf9AU89t
832348714475876356,2017-02-16 21:59:32,RT @netanyahu: An excellent meeting with @VP Mike Pence ‚Äì a true friend of Israel! https://t.co/XMp2gVOOD2
832016533949972481,2017-02-15 23:59:34,"RT @realDonaldTrump: Venezuela should allow Leopoldo Lopez, a political prisoner &amp; husband of @liliantintori (just met w/ @marcorubio) out‚Ä¶"
831954221624868864,2017-02-15 19:51:58,RT @IsraeliPM: Photos: Prime Minister Benjamin Netanyahu &amp; Mrs Sara Netanyahu welcomed at the @WhiteHouse by @POTUS Donald Trump &amp; @FLOTUS‚Ä¶
831910401214468096,2017-02-15 16:57:50,Join us live! -DJT https://t.co/2qhxW1Cukd
831887566618124288,2017-02-15 15:27:06,"Join me live - for a listening session with the Retail Industry Leaders Association at the @WhiteHouse. 
Watch: https://t.co/CQIWupTTb9"
831867590951710721,2017-02-15 14:07:43,Looking forward as well Prime Minister @netanyahu. https://t.co/2M2zrPEbNO
831663837732564992,2017-02-15 00:38:05,"RT @VP: As @DeptVetAffairs Secretary, Dr. David Shulkin will fulfill our nation's promise to care for those who have sacrificed for our fre‚Ä¶"
831663829511700481,2017-02-15 00:38:03,"RT @VP: Small business is at the heart of the American success story, &amp; @Linda_McMahon knows this better than most. No one more fitting to‚Ä¶"
831609061175078913,2017-02-14 21:00:25,"Congratulations to our new Administrator of the Small Business Administration, Linda McMahon! Swearing-in:‚Ä¶ https://t.co/lEkOxCr0bV"
831608007960252417,2017-02-14 20:56:14,"Watch Dr. David Shulkin- new @DeptVetAffairs Secretary being sworn-in by @VP Pence:
https://t.co/fjJOpFkqi5 https://t.co/s9ZGynLM2i"
831603766554132481,2017-02-14 20:39:23,"Remarks by President Trump at Parent-Teacher Conference Listening Session 
https://t.co/qZC9KQDsDK"
831603323631497218,2017-02-14 20:37:37,"Remarks by President Trump at Swearing-In Ceremony for Treasury Secretary Mnuchin
https://t.co/5PJiztgMMx"
830621089441185792,2017-02-12 03:34:34,LIVE Joint Statement by President Trump and Prime Minister Shinzo Abe: https://t.co/HMsYN43VnE
830528159930019841,2017-02-11 21:25:18,RT @FLOTUS: Thank you @morikamimuseum for the inspirational presentation of your sacred gardens &amp; life &amp; culture in Japan. https://t.co/Jxf‚Ä¶
830167745765445634,2017-02-10 21:33:09,"Join me for my weekly address!
#ICYMI - you can watch here‚û°Ô∏èhttps://t.co/aqiMrhwg94"
830144654704275456,2017-02-10 20:01:23,Congratulations @SecPriceMD! The 23rd Secretary of @HHSGov! #ICYMI: @VP swearing Dr. Price in:‚Ä¶ https://t.co/1pwNKXz54r
830141366059536384,2017-02-10 19:48:19,An honor to host Prime Minister @AbeShinzo in the United States. https://t.co/f6TvfZ6sMj
829810812508372992,2017-02-09 21:54:49,RT @FoxNews: EARLIER: @POTUS hosts senators for meeting focused on Supreme Court nominee. https://t.co/MnB7HmQ4mx
829743749978791939,2017-02-09 17:28:20,Congratulations Attorney General Jeff Sessions! https://t.co/12TwvGRGfp
829743126441029633,2017-02-09 17:25:51,RT @VP: Privileged to swear in Attorney General Jeff Sessions. @POTUS &amp; I have faith in your commitment to the Constitution &amp; equal justice‚Ä¶
829718879383457793,2017-02-09 15:49:30,"Join us live at the @WhiteHouse for the swearing in of our new Attorney General, @SenatorSessions!  
LIVE:‚Ä¶ https://t.co/OkIpP2UQLn"
829524691408842756,2017-02-09 02:57:52,RT @NationalSheriff: PRESS RELEASE: Sheriffs Applaud Confirmation of @SenatorSessions https://t.co/jA0HFDVAZn #sessionsconfirmation https:/‚Ä¶
829524479193788416,2017-02-09 02:57:02,"RT @SenateMajLdr: The Senate just confirmed @SenatorSessions as our Attorney General. @POTUS made an excellent choice, and our nation will‚Ä¶"
829522385749544960,2017-02-09 02:48:43,"RT @SenatorIsakson: Congrats to @SenatorSessions on becoming U.S. Attorney General. His respect for law, 15 years' @TheJusticeDept experien‚Ä¶"
829522247320604672,2017-02-09 02:48:10,RT @SenThadCochran: Voted tonight to confirm Jeff Sessions as Attorney General. I know he'll ensure our laws are enforced fairly and justly.
829522233190187009,2017-02-09 02:48:06,RT @RepGoodlatte: Congratulations to @SenatorSessions -  the next Attorney General of the United States! https://t.co/QkWaA2w9jt
829521585396711429,2017-02-09 02:45:32,"RT @VP: Thank you to the DC metro area law enforcement agencies for their work protecting our communities, including new residents like our‚Ä¶"
829500798761631744,2017-02-09 01:22:56,RT @RepMarthaRoby: Such a proud moment for our state &amp; our country! Jeff Sessions has been confirmed as Attorney General of the United Stat‚Ä¶
829500714665783297,2017-02-09 01:22:36,"RT @SenThomTillis: Attorney General Sessions will follow the rule of law, be accessible &amp; address the organizational &amp; accountability issue‚Ä¶"
829500656025272320,2017-02-09 01:22:22,"RT @HouseGOP: Congratulations, @SenatorSessions! https://t.co/RiZLpHCfRW"
829500638899871744,2017-02-09 01:22:18,RT @SenBobCorker: Proud to support @SenatorSessions and look forward to the work he will do on behalf of our country as AG. https://t.co/Y0‚Ä¶
829500634864943104,2017-02-09 01:22:17,"RT @JohnBoozman: While @SenatorSessions will be missed in the Senate, his strong adherence to the Constitution will be a welcome change at‚Ä¶"
829497493046034432,2017-02-09 01:09:48,"RT @realDonaldTrump: Congratulations to our new Attorney General, @SenatorSessions! https://t.co/e0buP1K83z"
829455107804782603,2017-02-08 22:21:22,"RT @realDonaldTrump: 'Majority in Leading EU Nations Support Trump-Style Travel Ban' 
Poll of more than 10,000 people in 10 countries...htt‚Ä¶"
829414643743543296,2017-02-08 19:40:35,RT @realDonaldTrump: 'Immigration Ban Is One Of Trump's Most Popular Orders So Far' https://t.co/wAelwuQ4BE
829410516451868672,2017-02-08 19:24:11,"RT @realDonaldTrump: Thank you Brian Krzanich, CEO of @Intel. A great investment ($7 BILLION) in American INNOVATION and JOBS! #AmericaFirs‚Ä¶"
829410511578087426,2017-02-08 19:24:10,"RT @realDonaldTrump: Big increase in traffic into our country from certain areas, while our people are far more vulnerable, as we wait for‚Ä¶"
829372305293922305,2017-02-08 16:52:21,RT @realDonaldTrump: My daughter Ivanka has been treated so unfairly by @Nordstrom. She is a great person -- always pushing me to do the ri‚Ä¶
829349995715428352,2017-02-08 15:23:42,RT @realDonaldTrump: Thank you to our great Police Chiefs &amp; Sheriffs for your leadership &amp; service. You have a true friend in the @WhiteHou‚Ä¶
829314371658588161,2017-02-08 13:02:08,"RT @realDonaldTrump: If the U.S. does not win this case as it so obviously should, we can never have the security and safety to which we ar‚Ä¶"
829198197180473350,2017-02-08 05:20:30,Our thoughts and prayers are with everyone in southeastern Louisiana affected by today's severe tornadoes.
829139702867427328,2017-02-08 01:28:04,"RT @realDonaldTrump: It is a disgrace that my full Cabinet is still not in place, the longest such delay in the history of our country. Obs‚Ä¶"
829124808126369792,2017-02-08 00:28:53,.@BetsyDeVos sworn in as Secretary of Education by @VP Mike Pence moments ago. Congratulations! https://t.co/uzneL25V7F
829025638023573504,2017-02-07 17:54:49,RT @VP: Today‚Äôs vote to confirm Education Secretary @BetsyDeVos was a vote for every child having a chance at a world-class education. http‚Ä¶
829024605461413888,2017-02-07 17:50:43,"Congratulations to our new Education Secretary, @BetsyDeVos! https://t.co/w7jE6G2x0p"
829003519017512961,2017-02-07 16:26:55,RT @realDonaldTrump: An honor having the National Sheriffs' Assoc. join me at the @WhiteHouse. Incredible men &amp; women who protect &amp; serve 2‚Ä¶
828987438873845762,2017-02-07 15:23:01,An honor having the @NationalSheriff Association join me at the @WhiteHouse. Incredible men &amp; women who protect &amp; s‚Ä¶ https://t.co/MX1dAB15dK
828955104082526208,2017-02-07 13:14:32,"Senate Dems protest to keep the failed status quo. Betsy DeVos is a reformer, and she is going to be a great Education Sec. for our kids!"
828840184930263040,2017-02-07 05:37:53,"RT @realDonaldTrump: The threat from radical Islamic terrorism is very real, just look at what is happening in Europe and the Middle-East.‚Ä¶"
828787362486423552,2017-02-07 02:07:59,RT @CENTCOM: .@POTUS President #Trump and GEN Votel meet with #USTroops @DeptofDefense https://t.co/4qApclwW0S
828787354445963267,2017-02-07 02:07:58,"RT @CENTCOM: .@POTUS President #Trump meets with Generals Dunford, Votel, and Thomas @USMC @USArmy @DeptofDefense #MacDill
https://t.co/d76‚Ä¶"
828756467985575936,2017-02-07 00:05:14,RT @realDonaldTrump: An extended interview from the Super Bowl with @oreillyfactor airs tonight at 8:00 P.M. Enjoy! https://t.co/kZdHqaNTVR
828696720632594433,2017-02-06 20:07:49,"RT @WhiteHouse: Happy Birthday, Mr. President! https://t.co/snf4pYhBiB"
828688386055602177,2017-02-06 19:34:42,RT @CENTCOM: .@POTUS visits #MacDill for CENTCOM and @USSOCOM meetings Support the #USTroops https://t.co/flM7fMhk97
828688266174017536,2017-02-06 19:34:13,Visiting @CENTCOM @USSOCOM- and supporting our amazing #USTroops this afternoon. https://t.co/Guy6gPm2GW
828659157578416129,2017-02-06 17:38:33,"RT @realDonaldTrump: The failing @nytimes writes total fiction concerning me. They have gotten it wrong for two years, and now are making u‚Ä¶"
828659055430352896,2017-02-06 17:38:09,Will be interviewed on @oreillyfactor tonight at 8:00 P.M. Enjoy! -DJT https://t.co/7dwmRn8Xi8
828607297748361218,2017-02-06 14:12:29,"RT @realDonaldTrump: I call my own shots, largely based on an accumulation of data, and everyone knows it. Some FAKE NEWS media, in order t‚Ä¶"
828607289418465284,2017-02-06 14:12:27,"RT @realDonaldTrump: Any negative polls are fake news, just like the CNN, ABC, NBC polls in the election. Sorry, people want border securit‚Ä¶"
828448692793401344,2017-02-06 03:42:14,"What an amazing comeback and win by the Patriots. Tom Brady, Bob Kraft and Coach B are total winners. Wow!
#SuperBowl -DJT"
828379486978707456,2017-02-05 23:07:14,RT @realDonaldTrump: Enjoy the #SuperBowl and then we continue: MAKE AMERICA GREAT AGAIN!
828356527383789568,2017-02-05 21:36:00,RT @realDonaldTrump: I have instructed Homeland Security to check people coming into our country VERY CAREFULLY. The courts are making the‚Ä¶
828356521973186561,2017-02-05 21:35:59,RT @realDonaldTrump: Just cannot  believe a judge would put our country in such peril. If something happens blame him and court system. Peo‚Ä¶
828032345223593985,2017-02-05 00:07:49,"RT @realDonaldTrump: Why aren't the lawyers looking at and using the Federal Court decision in Boston, which is at conflict with ridiculous‚Ä¶"
828032340576313346,2017-02-05 00:07:48,"RT @realDonaldTrump: Because the ban was lifted by a judge, many very bad and dangerous people may be pouring into our country. A terrible‚Ä¶"
828032285647761409,2017-02-05 00:07:35,RT @realDonaldTrump: MAKE AMERICA GREAT AGAIN!
828031995301285888,2017-02-05 00:06:26,"RT @VP: This SCOTUS seat doesn't belong to any party, ideology, or interest group. It belongs to the American people‚Äìand Americans deserve‚Ä¶"
828031764459294720,2017-02-05 00:05:31,"RT @GorsuchFacts: Yesterday, #SCOTUS nominee Judge Gorsuch met with Senators all over the Capitol‚Ä¶he also met with this puppy. #JusticeGors‚Ä¶"
827902331165483009,2017-02-04 15:31:12,"RT @realDonaldTrump: The opinion of this so-called judge, which essentially takes law-enforcement away from our country, is ridiculous and‚Ä¶"
827902261800091649,2017-02-04 15:30:55,RT @realDonaldTrump: Interesting that certain Middle-Eastern countries agree with the ban. They know if certain people are allowed in it's‚Ä¶
827902227020918785,2017-02-04 15:30:47,"RT @realDonaldTrump: When a country is no longer able to say who can, and who cannot , come in &amp; out, especially for reasons of safety &amp;.se‚Ä¶"
827721350408200193,2017-02-04 03:32:02,RT @realDonaldTrump: Countries charge U.S. companies taxes or tariffs while the U.S. charges them nothing or little.We should charge them S‚Ä¶
827655544928346114,2017-02-03 23:10:33,"RT @realDonaldTrump: We must keep ""evil"" out of our country!"
827653502117765122,2017-02-03 23:02:26,.@VP Pence on the #economy: https://t.co/3sZaoWh3au
827644398892638208,2017-02-03 22:26:16,Another historic week at the @WhiteHouse. Join me for my weekly address‚û°Ô∏èhttps://t.co/LXyBNGSwXG https://t.co/EqVzJNiUxP
827595948469673986,2017-02-03 19:13:44,Remarks by President Trump at Signing of Executive Order on Fiduciary Rule: https://t.co/kMRFhlXlHe https://t.co/CKiU61iBqh
827585975828230144,2017-02-03 18:34:07,RT @FoxNews: Breaking News: @POTUS signs executive orders on finance regulations. https://t.co/cRHOquwccI
827584037535391744,2017-02-03 18:26:24,#ICYMI- Remarks by President Trump Before Meeting with Harley-Davidson Executives and Union Representatives: https://t.co/BBEk33fc63
827583384721432576,2017-02-03 18:23:49,President Donald J. Trump Recognizes National Catholic Schools Week: https://t.co/J9Wg8nszta
827575678467973123,2017-02-03 17:53:12,"RT @WhiteHouse: We honor this month as American Heart Month to remember those who have lost their lives to heart disease.‚ù§
https://t.co/5gN‚Ä¶"
827501322110922755,2017-02-03 12:57:44,RT @realDonaldTrump: A new radical Islamic terrorist has just attacked in Louvre Museum in Paris. Tourists were locked down. France on edge‚Ä¶
827486033705046016,2017-02-03 11:56:59,"RT @realDonaldTrump: Professional anarchists, thugs and paid protesters are proving the point of the millions of people who voted to MAKE A‚Ä¶"
827485992701538304,2017-02-03 11:56:49,"RT @realDonaldTrump: Meeting with biggest business leaders this morning. Good jobs are coming back to U.S., health care and tax bills are b‚Ä¶"
827485910858096640,2017-02-03 11:56:29,RT @realDonaldTrump: Thank you to Prime Minister of Australia for telling the truth about our very civil conversation that FAKE NEWS media‚Ä¶
827485833926172673,2017-02-03 11:56:11,"RT @realDonaldTrump: Iran is playing with fire - they don't appreciate how ""kind"" President Obama was to them. Not me!"
827485788485070848,2017-02-03 11:56:00,"RT @realDonaldTrump: Yes, Arnold Schwarzenegger did a really bad job as Governor of California and even worse on the Apprentice...but at le‚Ä¶"
827303793226301444,2017-02-02 23:52:49,"'Trump taps first woman to CIA second in command'
https://t.co/15yzhsH6Qq"
827214173025271811,2017-02-02 17:56:42,"Great meeting with @harleydavidson executives from Milwaukee, Wisconsin at the @WhiteHouse. https://t.co/7Spcmh6guM"
827207302344122368,2017-02-02 17:29:24,"RT @realDonaldTrump: Thank you, @Samsung! We would love to have you! https://t.co/r5nxC9oOA4"
827157237403680768,2017-02-02 14:10:27,RT @realDonaldTrump: Attending Chief Ryan Owens' Dignified Transfer yesterday with my daughter Ivanka was my great honor. To a great and br‚Ä¶
826992141217968128,2017-02-02 03:14:25,RT @realDonaldTrump: Iran is rapidly taking over more and more of Iraq even after the U.S. has squandered three trillion dollars there. Obv‚Ä¶
826960559841148929,2017-02-02 01:08:56,"Congratulations to our new Secretary of State Rex Tillerson, sworn-in this evening by @VP Mike Pence. https://t.co/YvLoJZUKj8"
826839193406038017,2017-02-01 17:06:40,Moment of prayer last night after my nomination of Judge Neil Gorsuch for #SCOTUS. It was an honor having Maureen a‚Ä¶ https://t.co/eLjJubEefQ
826824503233740800,2017-02-01 16:08:17,Proud to honor the start of Black History Month at the @WhiteHouse this morning with @VP Mike Pence. https://t.co/CaXOykzR4d
826646652597452800,2017-02-01 04:21:34,"RT @realDonaldTrump: Hope you like my nomination of Judge Neil Gorsuch for the United States Supreme Court. He is a good and brilliant man,‚Ä¶"
826645623801778177,2017-02-01 04:17:29,RT @tedcruz: I wholeheartedly applaud President Trump for nominating Judge Gorsuch: https://t.co/nJ2kxct3vM
826645379517181952,2017-02-01 04:16:31,RT @SenateMajLdr: My statement on @POTUS' excellent selection of Neil Gorsuch as our next #SCOTUS Justice https://t.co/z7TNYvd0ie
826643298022522880,2017-02-01 04:08:15,"President Donald J. Trump Nominates Judge Neil Gorsuch to the United States Supreme Court
#JusticeGorsuch #SCOTUS‚Ä¶ https://t.co/lc7SIjIjTZ"
826612780472086528,2017-02-01 02:06:59,RT @GorsuchFacts: 11 current Dem Senators &amp; 20 current GOP Senators were in office when Judge Gorsuch was confirmed w/out oppo in '06. #Jus‚Ä¶
826611228973883394,2017-02-01 02:00:49,"RT @WhiteHouse: ""This has been the most transparent Supreme Court selection process in the history of our country."" - @POTUS #JusticeGorsuc‚Ä¶"
826610471906193408,2017-02-01 01:57:48,"RT @GorsuchFacts: .@POTUS Trump has chosen a #SCOTUS with a brilliant legal mind, sterling academic credentials, &amp; a commitment to constitu‚Ä¶"
826608134772908032,2017-02-01 01:48:31,"RT @GorsuchFacts: Judge Gorsuch defends the Constitution &amp; protects individual rights, incl religious liberty, against gov't attack. #Justi‚Ä¶"
826608065000697856,2017-02-01 01:48:14,RT @GorsuchFacts: Join us in congratulating Judge Neil Gorsuch on his nomination for #SCOTUS! Read his bio here: https://t.co/Im2VNUG6Bk #J‚Ä¶
826599964168040448,2017-02-01 01:16:03,"President Trump's Nominee for the Supreme Court Neil M. Gorsuch. 
#SCOTUS #JusticeGorsuch 
https://t.co/OnnJxv0sNG https://t.co/uiBzFWA1SQ"
826598937549271042,2017-02-01 01:11:58,#JusticeGorsuch #SCOTUS https://t.co/Y96Hi2bbIj
826597924385804293,2017-02-01 01:07:57,RT @GorsuchFacts: BREAKING: @POTUS Trump has nominated Judge Neil Gorsuch for #SCOTUS! #JusticeGorsuch https://t.co/Ugj1Kv3Xp2
826593262743986181,2017-02-01 00:49:25,Join me live from the @WhiteHouse as I announce my nomination for United States Supreme Court Justice.‚Ä¶ https://t.co/mrcsCu7VhP
826591537891069952,2017-02-01 00:42:34,RT @realDonaldTrump: Getting ready to deliver a VERY IMPORTANT DECISION!  8:00 P.M.
826549073515773952,2017-01-31 21:53:50,"Join me live from the @WhiteHouse at 8:00pm tonight. #SCOTUS 
https://t.co/7OJvZaW0Y7 https://t.co/nJyeYyACQ1"
826540972758675458,2017-01-31 21:21:38,Highlights From The President‚Äôs Listening Session With Pharmaceutical Industry Leaders at the @WhiteHouse today:‚Ä¶ https://t.co/RVWVuIRN77
826505081101103104,2017-01-31 18:59:01,Today I met with pharmaceutical executives at the @WhiteHouse...https://t.co/T1L7e8pHG1 https://t.co/MDr9b7rBhN
826438893239156737,2017-01-31 14:36:01,RT @realDonaldTrump: When will the Democrats give us our Attorney General and rest of Cabinet! They should be ashamed of themselves! No won‚Ä¶
826438887631372290,2017-01-31 14:35:59,RT @realDonaldTrump: Nancy Pelosi and Fake Tears Chuck Schumer held a rally  at the steps of The Supreme Court and mic did not work (a mess‚Ä¶
826259197700481028,2017-01-31 02:41:58,Statement on the Appointment of Dana Boente as Acting Attorney General: https://t.co/fkAWOmnrsP
826233872853630976,2017-01-31 01:01:20,RT @realDonaldTrump: The Democrats are delaying my cabinet picks for purely political reasons. They have nothing going but to obstruct. Now‚Ä¶
826187614160039942,2017-01-30 21:57:31,RT @VP: Grateful to welcome King Abdullah II of Jordan this morning as first foreign leader to visit VP Residence. https://t.co/LXjWcD8jRi
826175148441100289,2017-01-30 21:07:59,"RT @realDonaldTrump: The American dream is back. We‚Äôre going to create an environment for small business like we haven‚Äôt had in many, many‚Ä¶"
826142435042525184,2017-01-30 18:58:00,"White House Press Briefing: 
https://t.co/08IOPWcGOO"
826073779029827584,2017-01-30 14:25:11,RT @realDonaldTrump: Where was all the outrage from Democrats and the opposition party (the media) when our jobs were fleeing our country?
826073769382903808,2017-01-30 14:25:08,RT @realDonaldTrump: I have made my decision on who I will nominate for The United States Supreme Court. It will be announced live on Tuesd‚Ä¶
826073702718652416,2017-01-30 14:24:53,"RT @realDonaldTrump: Only 109 people out of 325,000 were detained and held for questioning. Big problems at airports were caused by Delta c‚Ä¶"
826073698234949632,2017-01-30 14:24:52,RT @realDonaldTrump: protesters and the tears of Senator Schumer. Secretary Kelly said that all is going well with very few problems. MAKE‚Ä¶
825851046945779712,2017-01-29 23:40:07,RT @realDonaldTrump: I will be interviewed by @TheBrodyFile on @CBNNews tonight at 11pm. Enjoy!
825845574008205312,2017-01-29 23:18:22,Statement Regarding Recent Executive Order Concerning Extreme Vetting: https://t.co/junoy06y2R
825789700199837696,2017-01-29 19:36:21,RT @realDonaldTrump: Christians in the Middle-East have been executed in large numbers. We cannot allow this horror to continue!
825708298091556864,2017-01-29 14:12:53,"RT @realDonaldTrump: Our country needs strong borders and extreme vetting, NOW. Look what is happening all over Europe and, indeed, the wor‚Ä¶"
825518176041566208,2017-01-29 01:37:25,RT @VP: Welcomed my good friend Governor @EricGreitens to the White House today. He is doing a great job for the people of Missouri. https:‚Ä¶
825518052993286144,2017-01-29 01:36:55,Presidential Memorandum Organization of the National Security Council and the Homeland Security Council:‚Ä¶ https://t.co/2UO7MSc1bx
825516865271296000,2017-01-29 01:32:12,Presidential Memorandum Plan to Defeat the Islamic State of Iraq and Syria: https://t.co/MWvPlRQ8ZI https://t.co/1IkgK8wEWF
825516492917727234,2017-01-29 01:30:43,Executive Order: ETHICS COMMITMENTS BY EXECUTIVE BRANCH APPOINTEES: https://t.co/0T7rvbEdAJ https://t.co/Z9fZd4jlCg
825475066959896576,2017-01-28 22:46:07,RT @WhiteHouse: .@POTUS @realDonaldTrump- speaking with Australian Prime Minister Malcolm Turnbull from the Oval Office. https://t.co/6rDjo‚Ä¶
825461893485707264,2017-01-28 21:53:46,Signed some additional executive orders in the Oval Office moments ago- https://t.co/fgIaVW5aJD
825435318778212352,2017-01-28 20:08:10,YOUR WEEKLY ADDRESS: https://t.co/iCUns5IOJ5
825413496317804546,2017-01-28 18:41:27,RT @netanyahu: President Trump is right. I built a wall along Israel's southern border. It stopped all illegal immigration. Great success.‚Ä¶
825368826921484288,2017-01-28 15:43:57,"RT @realDonaldTrump: Today, we remember the crew of the Space Shuttle Challenger, 31 years later. #NeverForget https://t.co/OhshQsFRfl"
825187398644547584,2017-01-28 03:43:01,I will be America's greatest defender and most loyal champion. -DJT https://t.co/wukJ6YqvLu
825145230324277248,2017-01-28 00:55:28,RT @realDonaldTrump: I promise that our administration will ALWAYS have your back. We will ALWAYS be with you! https://t.co/D0aOWhOH4X
825101348802789376,2017-01-27 22:01:05,RT @realDonaldTrump: Congratulations Secretary Mattis! https://t.co/mkuhbegzqS
825085862861996032,2017-01-27 20:59:33,Joint Statement on U.S. - Mexico Relations: https://t.co/wPWdC9K0xj
825076062417723392,2017-01-27 20:20:37,RT @realDonaldTrump: Statement on International Holocaust Remembrance Day: https://t.co/KjU0MOxCHk
825057047976800256,2017-01-27 19:05:03,An honor to have U.K. Prime Minister @theresa_may join me at the @WhiteHouse. #ICYMI- our joint press conference:‚Ä¶ https://t.co/xitinAQyPQ
825018214614700033,2017-01-27 16:30:45,RT @realDonaldTrump: .@VP Mike Pence will be speaking at today's #MarchForLife -- You have our full support! https://t.co/1jb53SEGV4
825017330736496640,2017-01-27 16:27:14,RT @realDonaldTrump: The #MarchForLife is so important. To all of you marching --- you have my full support!
824977251846541312,2017-01-27 13:47:58,RT @realDonaldTrump: Mexico has taken advantage of the U.S. for long enough. Massive trade deficits &amp; little help on the very weak border m‚Ä¶
824956253625581568,2017-01-27 12:24:32,'People want protection and a wall protects. All you have to do is ask Israel...' @realDonaldTrump https://t.co/QeTbiJpaDY
824767564421165057,2017-01-26 23:54:45,RT @realDonaldTrump: Miami-Dade Mayor drops sanctuary policy. Right decision. Strong! https://t.co/MtPvaDC4jM
824766185501757440,2017-01-26 23:49:16,"'President Trump Releases National School Choice Week Proclamation'
https://t.co/BUbZ4D1umR"
824765721821446144,2017-01-26 23:47:26,RT @realDonaldTrump: Will be interviewed by @SeanHannity on @FoxNews at 10:00pm tonight. Enjoy!
824765391369015298,2017-01-26 23:46:07,RT @VP: Honored to meet with Pro-Life leaders in my office tonight. Just told them I look forward to addressing National @March_for_Life on‚Ä¶
824698838170685441,2017-01-26 19:21:39,"RT @realDonaldTrump: Spoke at the Congressional @GOP Retreat in Philadelphia, PA. this afternoon w/ @VP, @SenateMajLdr, @SpeakerRyan. Thank‚Ä¶"
824623556784955392,2017-01-26 14:22:31,RT @realDonaldTrump: The U.S. has a 60 billion dollar trade deficit with Mexico. It has been a one-sided deal from the beginning of NAFTA w‚Ä¶
824623550636122112,2017-01-26 14:22:29,"RT @realDonaldTrump: of jobs and companies lost. If Mexico is unwilling to pay for the badly needed wall, then it would be better to cancel‚Ä¶"
824623494751260672,2017-01-26 14:22:16,"RT @realDonaldTrump: Ungrateful TRAITOR Chelsea Manning, who should never have been released from prison, is now calling President Obama a‚Ä¶"
824475138712305665,2017-01-26 04:32:45,I will be making my Supreme Court pick on Thursday of next week. Thank you! -DJT
824440493241237504,2017-01-26 02:15:05,"RT @realDonaldTrump: As your President, I have no higher duty than to protect the lives of the American people. https://t.co/o7YNUNwb8f"
824438147744403457,2017-01-26 02:05:46,.@VP Mike Pence administers the oath of office to Secretary John F. Kelly @DHSgov this afternoon. https://t.co/RNa3DsAsPe
824407761131806720,2017-01-26 00:05:01,"RT @realDonaldTrump: Beginning today, the United States of America gets back control of its borders. Full speech from today @DHSgov: https:‚Ä¶"
824377991170031617,2017-01-25 22:06:43,RT @realDonaldTrump: I will be interviewed by @DavidMuir tonight at 10 o'clock on @ABC. Will be my first interview from the White House. En‚Ä¶
824268525862879232,2017-01-25 14:51:45,Great! #Dow20K https://t.co/wXFhXBLgag
824125060885651458,2017-01-25 05:21:40,"RT @realDonaldTrump: If Chicago doesn't fix the horrible ""carnage"" going on, 228 shootings in 2017 with 42 killings (up 24% from 2016), I w‚Ä¶"
824055959534366720,2017-01-25 00:47:05,RT @realDonaldTrump: Great meeting with Ford CEO Mark Fields and General Motors CEO Mary Barra at the @WhiteHouse today. https://t.co/T0eIg‚Ä¶
823990663222018048,2017-01-24 20:27:37,Meeting with members of the Senate leadership at the @WhiteHouse now with @VP Pence. https://t.co/SjpbTV1ysS
823950841451335683,2017-01-24 17:49:23,RT @realDonaldTrump: Signing orders to move forward with the construction of the Keystone XL and Dakota Access pipelines in the Oval Office‚Ä¶
823939474430328832,2017-01-24 17:04:13,"RT @realDonaldTrump: Great meeting with automobile industry leaders at the @WhiteHouse this morning. Together, we will #MAGA! https://t.co/‚Ä¶"
823937981115486208,2017-01-24 16:58:17,RT @realDonaldTrump: A photo delivered yesterday that will be displayed in the upper/lower press hall. Thank you Abbas! https://t.co/Uzp0iv‚Ä¶
823871247473840128,2017-01-24 12:33:06,RT @realDonaldTrump: Will be meeting at 9:00 with top automobile executives concerning jobs in America. I want new plants to be built here‚Ä¶
823696070819586048,2017-01-24 00:57:01,‚ö°Ô∏èTHANK YOU to my amazing family for their support since I announced my candidacy on 6/16/2015. -DJT https://t.co/Db6titMVtq
823640194884706307,2017-01-23 21:14:59,"INAUGURAL ADDRESS
https://t.co/GqsWAqtzWD https://t.co/tSDTDs62mc"
823584358271434753,2017-01-23 17:33:07,"TOGETHER we can save American JOBS, American LIVES, and American FUTURES. 
#AmericaFirstüá∫üá∏ https://t.co/EWgWWs6noT"
823500708204998656,2017-01-23 12:00:43,Busy week planned with a heavy focus on jobs &amp; national security. Top executives coming in at 9 A.M. to talk manufacturing in America. -DJT
823380672463208448,2017-01-23 04:03:44,"NO DREAM is too big, NO CHALLENGE is too great. Nothing we want for our future is BEYOND OUR REACH. #AmericaFirstüá∫üá∏ https://t.co/BGuVX4C1LH"
823339257284755470,2017-01-23 01:19:10,RT @VP: Law enforcement worked tirelessly to secure the inauguration. Today the President &amp; I thanked them during a reception at The @White‚Ä¶
823297018605006848,2017-01-22 22:31:20,It was an honor to host our amazing teams of law enforcement at the @WhiteHouse this afternoon. @VP Pence and I are‚Ä¶ https://t.co/vSh2kRt6YI
823269672103645189,2017-01-22 20:42:40,RT @VP: It is my distinct honor to administer the Oath of Office to this group of talented men &amp; women as Assistants to President @realDona‚Ä¶
823002391951900674,2017-01-22 03:00:35,Thank you for the prayers &amp; continued blessings upon our country during the National Prayer Service this morning.‚Ä¶ https://t.co/ao2ZfS2kLh
822855801400414211,2017-01-21 17:18:05,"I am honored to serve you, the great American People, as your 45th President of the United States! https://t.co/BVtt7lSrlA"
822669219968020481,2017-01-21 04:56:41,"RT @realDonaldTrump: THANK YOU for another wonderful evening in Washington, D.C. TOGETHER, we will MAKE AMERICA GREAT AGAINüá∫üá∏ https://t.co/‚Ä¶"
822631230944460801,2017-01-21 02:25:43,"January 20th 2017, will be remembered as the day the people became the rulers of this nation again!‚Ä¶ https://t.co/xb9o2g6dP3"
822606593808277504,2017-01-21 00:47:49,Signing documents to allow Mattis and Kelly to be sworn into Cabinet and an executive order on #Obamacare.‚Ä¶ https://t.co/bjAtY0Q1Km
822572484742488065,2017-01-20 22:32:17,"On behalf of my entire family, THANK YOU! #InaugurationDay https://t.co/v2nEMoanIX"
822521968465416192,2017-01-20 19:11:33,"#InaugurationDay Speechüá∫üá∏
https://t.co/2h8yWMYQz9 https://t.co/Q9u8n9vez2"
